<?xml version="1.0" encoding="UTF-8" standalone="yes"?>
<addon id="plugin.video.sendtokodi" name="sendtokodi" version="0.0.144.1" provider-name="firsttris">
  <requires>
    <import addon="xbmc.python" version="2.19.0"/>
  </requires>
  <extension point="xbmc.python.pluginsource" library="service.py" />
  <extension point="xbmc.addon.metadata">
    <summary lang="en">SendToKodi</summary>
    <description lang="en">SendToKodi</description>
    <description lang="de">SendToKodi</description>
    <disclaimer lang="en"></disclaimer>
    <platform>all</platform>
    <license>MIT License</license>
    <website>https://teufel-it.de/</website>
    <email>info@teufel-it.de</email>
    <source>https://github.com/firsttris/</source>
  </extension>
</addon>